page_url,page_title,language,type,code,length
https://www.reactbits.dev,React Bits - Animated UI Components For React,javascript,text/javascript,"
    window.dataLayer = window.dataLayer || [];
    function gtag() { dataLayer.push(arguments); }
    gtag('js', new Date());
    gtag('config', 'G-1GF5NXTV27');
  ",165
https://www.reactbits.dev,React Bits - Animated UI Components For React,javascript,application/ld+json,"
  {
    ""@context"": ""https://schema.org"",
    ""@type"": ""WebPage"",
    ""name"": ""React Bits"",
    ""url"": ""https://reactbits.dev"",
    ""description"": ""An open source collection of high quality, animated, interactive & fully customizable React components for building stunning, memorable user interfaces."",
    ""image"": ""https://reactbits.dev/og-pic.jpg"",
    ""author"": {
      ""@type"": ""Person"",
      ""name"": ""David Haz""
    },
    ""publisher"": {
      ""@type"": ""Person"",
      ""name"": ""David Haz"",
      ""logo"": {
        ""@type"": ""ImageObject"",
        ""url"": ""https://davidhaz.com""
      }
    }
  }
  ",604
https://www.reactbits.dev/icons,React Bits - Animated UI Components For React,javascript,text/javascript,"
    window.dataLayer = window.dataLayer || [];
    function gtag() { dataLayer.push(arguments); }
    gtag('js', new Date());
    gtag('config', 'G-1GF5NXTV27');
  ",165
https://www.reactbits.dev/icons,React Bits - Animated UI Components For React,javascript,application/ld+json,"
  {
    ""@context"": ""https://schema.org"",
    ""@type"": ""WebPage"",
    ""name"": ""React Bits"",
    ""url"": ""https://reactbits.dev"",
    ""description"": ""An open source collection of high quality, animated, interactive & fully customizable React components for building stunning, memorable user interfaces."",
    ""image"": ""https://reactbits.dev/og-pic.jpg"",
    ""author"": {
      ""@type"": ""Person"",
      ""name"": ""David Haz""
    },
    ""publisher"": {
      ""@type"": ""Person"",
      ""name"": ""David Haz"",
      ""logo"": {
        ""@type"": ""ImageObject"",
        ""url"": ""https://davidhaz.com""
      }
    }
  }
  ",604
https://www.reactbits.dev/dither,React Bits - Animated UI Components For React,javascript,text/javascript,"
    window.dataLayer = window.dataLayer || [];
    function gtag() { dataLayer.push(arguments); }
    gtag('js', new Date());
    gtag('config', 'G-1GF5NXTV27');
  ",165
https://www.reactbits.dev/dither,React Bits - Animated UI Components For React,javascript,application/ld+json,"
  {
    ""@context"": ""https://schema.org"",
    ""@type"": ""WebPage"",
    ""name"": ""React Bits"",
    ""url"": ""https://reactbits.dev"",
    ""description"": ""An open source collection of high quality, animated, interactive & fully customizable React components for building stunning, memorable user interfaces."",
    ""image"": ""https://reactbits.dev/og-pic.jpg"",
    ""author"": {
      ""@type"": ""Person"",
      ""name"": ""David Haz""
    },
    ""publisher"": {
      ""@type"": ""Person"",
      ""name"": ""David Haz"",
      ""logo"": {
        ""@type"": ""ImageObject"",
        ""url"": ""https://davidhaz.com""
      }
    }
  }
  ",604
https://www.reactbits.dev/magnetic-button,React Bits - Animated UI Components For React,javascript,text/javascript,"
    window.dataLayer = window.dataLayer || [];
    function gtag() { dataLayer.push(arguments); }
    gtag('js', new Date());
    gtag('config', 'G-1GF5NXTV27');
  ",165
https://www.reactbits.dev/magnetic-button,React Bits - Animated UI Components For React,javascript,application/ld+json,"
  {
    ""@context"": ""https://schema.org"",
    ""@type"": ""WebPage"",
    ""name"": ""React Bits"",
    ""url"": ""https://reactbits.dev"",
    ""description"": ""An open source collection of high quality, animated, interactive & fully customizable React components for building stunning, memorable user interfaces."",
    ""image"": ""https://reactbits.dev/og-pic.jpg"",
    ""author"": {
      ""@type"": ""Person"",
      ""name"": ""David Haz""
    },
    ""publisher"": {
      ""@type"": ""Person"",
      ""name"": ""David Haz"",
      ""logo"": {
        ""@type"": ""ImageObject"",
        ""url"": ""https://davidhaz.com""
      }
    }
  }
  ",604
https://www.reactbits.dev/loading,React Bits - Animated UI Components For React,javascript,text/javascript,"
    window.dataLayer = window.dataLayer || [];
    function gtag() { dataLayer.push(arguments); }
    gtag('js', new Date());
    gtag('config', 'G-1GF5NXTV27');
  ",165
https://www.reactbits.dev/loading,React Bits - Animated UI Components For React,javascript,application/ld+json,"
  {
    ""@context"": ""https://schema.org"",
    ""@type"": ""WebPage"",
    ""name"": ""React Bits"",
    ""url"": ""https://reactbits.dev"",
    ""description"": ""An open source collection of high quality, animated, interactive & fully customizable React components for building stunning, memorable user interfaces."",
    ""image"": ""https://reactbits.dev/og-pic.jpg"",
    ""author"": {
      ""@type"": ""Person"",
      ""name"": ""David Haz""
    },
    ""publisher"": {
      ""@type"": ""Person"",
      ""name"": ""David Haz"",
      ""logo"": {
        ""@type"": ""ImageObject"",
        ""url"": ""https://davidhaz.com""
      }
    }
  }
  ",604
https://www.reactbits.dev/feedback,React Bits - Animated UI Components For React,javascript,text/javascript,"
    window.dataLayer = window.dataLayer || [];
    function gtag() { dataLayer.push(arguments); }
    gtag('js', new Date());
    gtag('config', 'G-1GF5NXTV27');
  ",165
https://www.reactbits.dev/feedback,React Bits - Animated UI Components For React,javascript,application/ld+json,"
  {
    ""@context"": ""https://schema.org"",
    ""@type"": ""WebPage"",
    ""name"": ""React Bits"",
    ""url"": ""https://reactbits.dev"",
    ""description"": ""An open source collection of high quality, animated, interactive & fully customizable React components for building stunning, memorable user interfaces."",
    ""image"": ""https://reactbits.dev/og-pic.jpg"",
    ""author"": {
      ""@type"": ""Person"",
      ""name"": ""David Haz""
    },
    ""publisher"": {
      ""@type"": ""Person"",
      ""name"": ""David Haz"",
      ""logo"": {
        ""@type"": ""ImageObject"",
        ""url"": ""https://davidhaz.com""
      }
    }
  }
  ",604
https://www.reactbits.dev/data-display,React Bits - Animated UI Components For React,javascript,text/javascript,"
    window.dataLayer = window.dataLayer || [];
    function gtag() { dataLayer.push(arguments); }
    gtag('js', new Date());
    gtag('config', 'G-1GF5NXTV27');
  ",165
https://www.reactbits.dev/data-display,React Bits - Animated UI Components For React,javascript,application/ld+json,"
  {
    ""@context"": ""https://schema.org"",
    ""@type"": ""WebPage"",
    ""name"": ""React Bits"",
    ""url"": ""https://reactbits.dev"",
    ""description"": ""An open source collection of high quality, animated, interactive & fully customizable React components for building stunning, memorable user interfaces."",
    ""image"": ""https://reactbits.dev/og-pic.jpg"",
    ""author"": {
      ""@type"": ""Person"",
      ""name"": ""David Haz""
    },
    ""publisher"": {
      ""@type"": ""Person"",
      ""name"": ""David Haz"",
      ""logo"": {
        ""@type"": ""ImageObject"",
        ""url"": ""https://davidhaz.com""
      }
    }
  }
  ",604
https://www.reactbits.dev/tables,React Bits - Animated UI Components For React,javascript,text/javascript,"
    window.dataLayer = window.dataLayer || [];
    function gtag() { dataLayer.push(arguments); }
    gtag('js', new Date());
    gtag('config', 'G-1GF5NXTV27');
  ",165
https://www.reactbits.dev/tables,React Bits - Animated UI Components For React,javascript,application/ld+json,"
  {
    ""@context"": ""https://schema.org"",
    ""@type"": ""WebPage"",
    ""name"": ""React Bits"",
    ""url"": ""https://reactbits.dev"",
    ""description"": ""An open source collection of high quality, animated, interactive & fully customizable React components for building stunning, memorable user interfaces."",
    ""image"": ""https://reactbits.dev/og-pic.jpg"",
    ""author"": {
      ""@type"": ""Person"",
      ""name"": ""David Haz""
    },
    ""publisher"": {
      ""@type"": ""Person"",
      ""name"": ""David Haz"",
      ""logo"": {
        ""@type"": ""ImageObject"",
        ""url"": ""https://davidhaz.com""
      }
    }
  }
  ",604
https://www.reactbits.dev/typewriter,React Bits - Animated UI Components For React,javascript,text/javascript,"
    window.dataLayer = window.dataLayer || [];
    function gtag() { dataLayer.push(arguments); }
    gtag('js', new Date());
    gtag('config', 'G-1GF5NXTV27');
  ",165
https://www.reactbits.dev/typewriter,React Bits - Animated UI Components For React,javascript,application/ld+json,"
  {
    ""@context"": ""https://schema.org"",
    ""@type"": ""WebPage"",
    ""name"": ""React Bits"",
    ""url"": ""https://reactbits.dev"",
    ""description"": ""An open source collection of high quality, animated, interactive & fully customizable React components for building stunning, memorable user interfaces."",
    ""image"": ""https://reactbits.dev/og-pic.jpg"",
    ""author"": {
      ""@type"": ""Person"",
      ""name"": ""David Haz""
    },
    ""publisher"": {
      ""@type"": ""Person"",
      ""name"": ""David Haz"",
      ""logo"": {
        ""@type"": ""ImageObject"",
        ""url"": ""https://davidhaz.com""
      }
    }
  }
  ",604
https://www.reactbits.dev/beams,React Bits - Animated UI Components For React,javascript,text/javascript,"
    window.dataLayer = window.dataLayer || [];
    function gtag() { dataLayer.push(arguments); }
    gtag('js', new Date());
    gtag('config', 'G-1GF5NXTV27');
  ",165
https://www.reactbits.dev/beams,React Bits - Animated UI Components For React,javascript,application/ld+json,"
  {
    ""@context"": ""https://schema.org"",
    ""@type"": ""WebPage"",
    ""name"": ""React Bits"",
    ""url"": ""https://reactbits.dev"",
    ""description"": ""An open source collection of high quality, animated, interactive & fully customizable React components for building stunning, memorable user interfaces."",
    ""image"": ""https://reactbits.dev/og-pic.jpg"",
    ""author"": {
      ""@type"": ""Person"",
      ""name"": ""David Haz""
    },
    ""publisher"": {
      ""@type"": ""Person"",
      ""name"": ""David Haz"",
      ""logo"": {
        ""@type"": ""ImageObject"",
        ""url"": ""https://davidhaz.com""
      }
    }
  }
  ",604
https://www.reactbits.dev/media,React Bits - Animated UI Components For React,javascript,text/javascript,"
    window.dataLayer = window.dataLayer || [];
    function gtag() { dataLayer.push(arguments); }
    gtag('js', new Date());
    gtag('config', 'G-1GF5NXTV27');
  ",165
https://www.reactbits.dev/media,React Bits - Animated UI Components For React,javascript,application/ld+json,"
  {
    ""@context"": ""https://schema.org"",
    ""@type"": ""WebPage"",
    ""name"": ""React Bits"",
    ""url"": ""https://reactbits.dev"",
    ""description"": ""An open source collection of high quality, animated, interactive & fully customizable React components for building stunning, memorable user interfaces."",
    ""image"": ""https://reactbits.dev/og-pic.jpg"",
    ""author"": {
      ""@type"": ""Person"",
      ""name"": ""David Haz""
    },
    ""publisher"": {
      ""@type"": ""Person"",
      ""name"": ""David Haz"",
      ""logo"": {
        ""@type"": ""ImageObject"",
        ""url"": ""https://davidhaz.com""
      }
    }
  }
  ",604
https://www.reactbits.dev/cards,React Bits - Animated UI Components For React,javascript,text/javascript,"
    window.dataLayer = window.dataLayer || [];
    function gtag() { dataLayer.push(arguments); }
    gtag('js', new Date());
    gtag('config', 'G-1GF5NXTV27');
  ",165
https://www.reactbits.dev/cards,React Bits - Animated UI Components For React,javascript,application/ld+json,"
  {
    ""@context"": ""https://schema.org"",
    ""@type"": ""WebPage"",
    ""name"": ""React Bits"",
    ""url"": ""https://reactbits.dev"",
    ""description"": ""An open source collection of high quality, animated, interactive & fully customizable React components for building stunning, memorable user interfaces."",
    ""image"": ""https://reactbits.dev/og-pic.jpg"",
    ""author"": {
      ""@type"": ""Person"",
      ""name"": ""David Haz""
    },
    ""publisher"": {
      ""@type"": ""Person"",
      ""name"": ""David Haz"",
      ""logo"": {
        ""@type"": ""ImageObject"",
        ""url"": ""https://davidhaz.com""
      }
    }
  }
  ",604
https://www.reactbits.dev/glow-button,React Bits - Animated UI Components For React,javascript,text/javascript,"
    window.dataLayer = window.dataLayer || [];
    function gtag() { dataLayer.push(arguments); }
    gtag('js', new Date());
    gtag('config', 'G-1GF5NXTV27');
  ",165
https://www.reactbits.dev/glow-button,React Bits - Animated UI Components For React,javascript,application/ld+json,"
  {
    ""@context"": ""https://schema.org"",
    ""@type"": ""WebPage"",
    ""name"": ""React Bits"",
    ""url"": ""https://reactbits.dev"",
    ""description"": ""An open source collection of high quality, animated, interactive & fully customizable React components for building stunning, memorable user interfaces."",
    ""image"": ""https://reactbits.dev/og-pic.jpg"",
    ""author"": {
      ""@type"": ""Person"",
      ""name"": ""David Haz""
    },
    ""publisher"": {
      ""@type"": ""Person"",
      ""name"": ""David Haz"",
      ""logo"": {
        ""@type"": ""ImageObject"",
        ""url"": ""https://davidhaz.com""
      }
    }
  }
  ",604
https://www.reactbits.dev/navigation,React Bits - Animated UI Components For React,javascript,text/javascript,"
    window.dataLayer = window.dataLayer || [];
    function gtag() { dataLayer.push(arguments); }
    gtag('js', new Date());
    gtag('config', 'G-1GF5NXTV27');
  ",165
https://www.reactbits.dev/navigation,React Bits - Animated UI Components For React,javascript,application/ld+json,"
  {
    ""@context"": ""https://schema.org"",
    ""@type"": ""WebPage"",
    ""name"": ""React Bits"",
    ""url"": ""https://reactbits.dev"",
    ""description"": ""An open source collection of high quality, animated, interactive & fully customizable React components for building stunning, memorable user interfaces."",
    ""image"": ""https://reactbits.dev/og-pic.jpg"",
    ""author"": {
      ""@type"": ""Person"",
      ""name"": ""David Haz""
    },
    ""publisher"": {
      ""@type"": ""Person"",
      ""name"": ""David Haz"",
      ""logo"": {
        ""@type"": ""ImageObject"",
        ""url"": ""https://davidhaz.com""
      }
    }
  }
  ",604
https://www.reactbits.dev/layouts,React Bits - Animated UI Components For React,javascript,text/javascript,"
    window.dataLayer = window.dataLayer || [];
    function gtag() { dataLayer.push(arguments); }
    gtag('js', new Date());
    gtag('config', 'G-1GF5NXTV27');
  ",165
https://www.reactbits.dev/layouts,React Bits - Animated UI Components For React,javascript,application/ld+json,"
  {
    ""@context"": ""https://schema.org"",
    ""@type"": ""WebPage"",
    ""name"": ""React Bits"",
    ""url"": ""https://reactbits.dev"",
    ""description"": ""An open source collection of high quality, animated, interactive & fully customizable React components for building stunning, memorable user interfaces."",
    ""image"": ""https://reactbits.dev/og-pic.jpg"",
    ""author"": {
      ""@type"": ""Person"",
      ""name"": ""David Haz""
    },
    ""publisher"": {
      ""@type"": ""Person"",
      ""name"": ""David Haz"",
      ""logo"": {
        ""@type"": ""ImageObject"",
        ""url"": ""https://davidhaz.com""
      }
    }
  }
  ",604
https://www.reactbits.dev/tilt-card,React Bits - Animated UI Components For React,javascript,text/javascript,"
    window.dataLayer = window.dataLayer || [];
    function gtag() { dataLayer.push(arguments); }
    gtag('js', new Date());
    gtag('config', 'G-1GF5NXTV27');
  ",165
https://www.reactbits.dev/tilt-card,React Bits - Animated UI Components For React,javascript,application/ld+json,"
  {
    ""@context"": ""https://schema.org"",
    ""@type"": ""WebPage"",
    ""name"": ""React Bits"",
    ""url"": ""https://reactbits.dev"",
    ""description"": ""An open source collection of high quality, animated, interactive & fully customizable React components for building stunning, memorable user interfaces."",
    ""image"": ""https://reactbits.dev/og-pic.jpg"",
    ""author"": {
      ""@type"": ""Person"",
      ""name"": ""David Haz""
    },
    ""publisher"": {
      ""@type"": ""Person"",
      ""name"": ""David Haz"",
      ""logo"": {
        ""@type"": ""ImageObject"",
        ""url"": ""https://davidhaz.com""
      }
    }
  }
  ",604
https://www.reactbits.dev/forms,React Bits - Animated UI Components For React,javascript,text/javascript,"
    window.dataLayer = window.dataLayer || [];
    function gtag() { dataLayer.push(arguments); }
    gtag('js', new Date());
    gtag('config', 'G-1GF5NXTV27');
  ",165
https://www.reactbits.dev/forms,React Bits - Animated UI Components For React,javascript,application/ld+json,"
  {
    ""@context"": ""https://schema.org"",
    ""@type"": ""WebPage"",
    ""name"": ""React Bits"",
    ""url"": ""https://reactbits.dev"",
    ""description"": ""An open source collection of high quality, animated, interactive & fully customizable React components for building stunning, memorable user interfaces."",
    ""image"": ""https://reactbits.dev/og-pic.jpg"",
    ""author"": {
      ""@type"": ""Person"",
      ""name"": ""David Haz""
    },
    ""publisher"": {
      ""@type"": ""Person"",
      ""name"": ""David Haz"",
      ""logo"": {
        ""@type"": ""ImageObject"",
        ""url"": ""https://davidhaz.com""
      }
    }
  }
  ",604
https://www.reactbits.dev/charts,React Bits - Animated UI Components For React,javascript,text/javascript,"
    window.dataLayer = window.dataLayer || [];
    function gtag() { dataLayer.push(arguments); }
    gtag('js', new Date());
    gtag('config', 'G-1GF5NXTV27');
  ",165
https://www.reactbits.dev/charts,React Bits - Animated UI Components For React,javascript,application/ld+json,"
  {
    ""@context"": ""https://schema.org"",
    ""@type"": ""WebPage"",
    ""name"": ""React Bits"",
    ""url"": ""https://reactbits.dev"",
    ""description"": ""An open source collection of high quality, animated, interactive & fully customizable React components for building stunning, memorable user interfaces."",
    ""image"": ""https://reactbits.dev/og-pic.jpg"",
    ""author"": {
      ""@type"": ""Person"",
      ""name"": ""David Haz""
    },
    ""publisher"": {
      ""@type"": ""Person"",
      ""name"": ""David Haz"",
      ""logo"": {
        ""@type"": ""ImageObject"",
        ""url"": ""https://davidhaz.com""
      }
    }
  }
  ",604
https://www.reactbits.dev/overlays,React Bits - Animated UI Components For React,javascript,text/javascript,"
    window.dataLayer = window.dataLayer || [];
    function gtag() { dataLayer.push(arguments); }
    gtag('js', new Date());
    gtag('config', 'G-1GF5NXTV27');
  ",165
https://www.reactbits.dev/overlays,React Bits - Animated UI Components For React,javascript,application/ld+json,"
  {
    ""@context"": ""https://schema.org"",
    ""@type"": ""WebPage"",
    ""name"": ""React Bits"",
    ""url"": ""https://reactbits.dev"",
    ""description"": ""An open source collection of high quality, animated, interactive & fully customizable React components for building stunning, memorable user interfaces."",
    ""image"": ""https://reactbits.dev/og-pic.jpg"",
    ""author"": {
      ""@type"": ""Person"",
      ""name"": ""David Haz""
    },
    ""publisher"": {
      ""@type"": ""Person"",
      ""name"": ""David Haz"",
      ""logo"": {
        ""@type"": ""ImageObject"",
        ""url"": ""https://davidhaz.com""
      }
    }
  }
  ",604
https://www.reactbits.dev/split-text,React Bits - Animated UI Components For React,javascript,text/javascript,"
    window.dataLayer = window.dataLayer || [];
    function gtag() { dataLayer.push(arguments); }
    gtag('js', new Date());
    gtag('config', 'G-1GF5NXTV27');
  ",165
https://www.reactbits.dev/split-text,React Bits - Animated UI Components For React,javascript,application/ld+json,"
  {
    ""@context"": ""https://schema.org"",
    ""@type"": ""WebPage"",
    ""name"": ""React Bits"",
    ""url"": ""https://reactbits.dev"",
    ""description"": ""An open source collection of high quality, animated, interactive & fully customizable React components for building stunning, memorable user interfaces."",
    ""image"": ""https://reactbits.dev/og-pic.jpg"",
    ""author"": {
      ""@type"": ""Person"",
      ""name"": ""David Haz""
    },
    ""publisher"": {
      ""@type"": ""Person"",
      ""name"": ""David Haz"",
      ""logo"": {
        ""@type"": ""ImageObject"",
        ""url"": ""https://davidhaz.com""
      }
    }
  }
  ",604
https://www.reactbits.dev/buttons,React Bits - Animated UI Components For React,javascript,text/javascript,"
    window.dataLayer = window.dataLayer || [];
    function gtag() { dataLayer.push(arguments); }
    gtag('js', new Date());
    gtag('config', 'G-1GF5NXTV27');
  ",165
https://www.reactbits.dev/buttons,React Bits - Animated UI Components For React,javascript,application/ld+json,"
  {
    ""@context"": ""https://schema.org"",
    ""@type"": ""WebPage"",
    ""name"": ""React Bits"",
    ""url"": ""https://reactbits.dev"",
    ""description"": ""An open source collection of high quality, animated, interactive & fully customizable React components for building stunning, memorable user interfaces."",
    ""image"": ""https://reactbits.dev/og-pic.jpg"",
    ""author"": {
      ""@type"": ""Person"",
      ""name"": ""David Haz""
    },
    ""publisher"": {
      ""@type"": ""Person"",
      ""name"": ""David Haz"",
      ""logo"": {
        ""@type"": ""ImageObject"",
        ""url"": ""https://davidhaz.com""
      }
    }
  }
  ",604
https://reactbits.dev,React Bits - Animated UI Components For React,javascript,text/javascript,"
    window.dataLayer = window.dataLayer || [];
    function gtag() { dataLayer.push(arguments); }
    gtag('js', new Date());
    gtag('config', 'G-1GF5NXTV27');
  ",165
https://reactbits.dev,React Bits - Animated UI Components For React,javascript,application/ld+json,"
  {
    ""@context"": ""https://schema.org"",
    ""@type"": ""WebPage"",
    ""name"": ""React Bits"",
    ""url"": ""https://reactbits.dev"",
    ""description"": ""An open source collection of high quality, animated, interactive & fully customizable React components for building stunning, memorable user interfaces."",
    ""image"": ""https://reactbits.dev/og-pic.jpg"",
    ""author"": {
      ""@type"": ""Person"",
      ""name"": ""David Haz""
    },
    ""publisher"": {
      ""@type"": ""Person"",
      ""name"": ""David Haz"",
      ""logo"": {
        ""@type"": ""ImageObject"",
        ""url"": ""https://davidhaz.com""
      }
    }
  }
  ",604
https://www.reactbits.dev/text-animations,React Bits - Animated UI Components For React,javascript,text/javascript,"
    window.dataLayer = window.dataLayer || [];
    function gtag() { dataLayer.push(arguments); }
    gtag('js', new Date());
    gtag('config', 'G-1GF5NXTV27');
  ",165
https://www.reactbits.dev/text-animations,React Bits - Animated UI Components For React,javascript,application/ld+json,"
  {
    ""@context"": ""https://schema.org"",
    ""@type"": ""WebPage"",
    ""name"": ""React Bits"",
    ""url"": ""https://reactbits.dev"",
    ""description"": ""An open source collection of high quality, animated, interactive & fully customizable React components for building stunning, memorable user interfaces."",
    ""image"": ""https://reactbits.dev/og-pic.jpg"",
    ""author"": {
      ""@type"": ""Person"",
      ""name"": ""David Haz""
    },
    ""publisher"": {
      ""@type"": ""Person"",
      ""name"": ""David Haz"",
      ""logo"": {
        ""@type"": ""ImageObject"",
        ""url"": ""https://davidhaz.com""
      }
    }
  }
  ",604
https://www.reactbits.dev/backgrounds,React Bits - Animated UI Components For React,javascript,text/javascript,"
    window.dataLayer = window.dataLayer || [];
    function gtag() { dataLayer.push(arguments); }
    gtag('js', new Date());
    gtag('config', 'G-1GF5NXTV27');
  ",165
https://www.reactbits.dev/backgrounds,React Bits - Animated UI Components For React,javascript,application/ld+json,"
  {
    ""@context"": ""https://schema.org"",
    ""@type"": ""WebPage"",
    ""name"": ""React Bits"",
    ""url"": ""https://reactbits.dev"",
    ""description"": ""An open source collection of high quality, animated, interactive & fully customizable React components for building stunning, memorable user interfaces."",
    ""image"": ""https://reactbits.dev/og-pic.jpg"",
    ""author"": {
      ""@type"": ""Person"",
      ""name"": ""David Haz""
    },
    ""publisher"": {
      ""@type"": ""Person"",
      ""name"": ""David Haz"",
      ""logo"": {
        ""@type"": ""ImageObject"",
        ""url"": ""https://davidhaz.com""
      }
    }
  }
  ",604
https://www.reactbits.dev/aurora,React Bits - Animated UI Components For React,javascript,text/javascript,"
    window.dataLayer = window.dataLayer || [];
    function gtag() { dataLayer.push(arguments); }
    gtag('js', new Date());
    gtag('config', 'G-1GF5NXTV27');
  ",165
https://www.reactbits.dev/aurora,React Bits - Animated UI Components For React,javascript,application/ld+json,"
  {
    ""@context"": ""https://schema.org"",
    ""@type"": ""WebPage"",
    ""name"": ""React Bits"",
    ""url"": ""https://reactbits.dev"",
    ""description"": ""An open source collection of high quality, animated, interactive & fully customizable React components for building stunning, memorable user interfaces."",
    ""image"": ""https://reactbits.dev/og-pic.jpg"",
    ""author"": {
      ""@type"": ""Person"",
      ""name"": ""David Haz""
    },
    ""publisher"": {
      ""@type"": ""Person"",
      ""name"": ""David Haz"",
      ""logo"": {
        ""@type"": ""ImageObject"",
        ""url"": ""https://davidhaz.com""
      }
    }
  }
  ",604
https://www.reactbits.dev/floating-card,React Bits - Animated UI Components For React,javascript,text/javascript,"
    window.dataLayer = window.dataLayer || [];
    function gtag() { dataLayer.push(arguments); }
    gtag('js', new Date());
    gtag('config', 'G-1GF5NXTV27');
  ",165
https://www.reactbits.dev/floating-card,React Bits - Animated UI Components For React,javascript,application/ld+json,"
  {
    ""@context"": ""https://schema.org"",
    ""@type"": ""WebPage"",
    ""name"": ""React Bits"",
    ""url"": ""https://reactbits.dev"",
    ""description"": ""An open source collection of high quality, animated, interactive & fully customizable React components for building stunning, memorable user interfaces."",
    ""image"": ""https://reactbits.dev/og-pic.jpg"",
    ""author"": {
      ""@type"": ""Person"",
      ""name"": ""David Haz""
    },
    ""publisher"": {
      ""@type"": ""Person"",
      ""name"": ""David Haz"",
      ""logo"": {
        ""@type"": ""ImageObject"",
        ""url"": ""https://davidhaz.com""
      }
    }
  }
  ",604
